Casey golden,30925,33448,28237,48081,29725,Rickie Fowler 100-1,
Bryan Noller,35450,48081,34046,33448,30925,39971,
Zach Harris,30925,47959,33448,34046,50525,46970,
Nik sekoulopoulos,30925,46970,34046,35450,50525,29221,
Dominic Hohman,30925,46970,20396,21209,39977,33448,
Zach Domer,50525,30925,35891,28237,46970,34360,
Austin korte,33448,34046,29725,30925,34360,48081,
Josh Anderson,30925,47959,46970,33448,34046,34360,
Bryan Noller,30925,33448,48081,46970,28237,50525,
Will Gandert,1810,47959,30925,30911,46970,34046,
Paul Harris,30925,33448,35450,50525,47959,46970,
David Kostanich,30925,47959,33448,34046,28237,25364,
Jake Proakis,46970,47959,50525,30925,25364,40026,
Graham,30925,46970,33448,21209,31323,47959,
Jason Orzel 1,34046,36689,20396,30925,29725,34360,
Jason Orzel 2,30925,47959,46970,33448,28237,34046,
Lee Unsinger,30925,33448,46970,35450,48081,46717,
Eric Spracklen,48081,Rickie Fowler 100-1,33448,36689,47959,29221,
Eric Spracklen - 2,48081,32839,34046,47959,1810,24502,
Jeremy Krystosik,30925,46970,33448,28237,34046,25364,
Jeremy krystosik,47959,50525,29725,47483,20396,45526,
Dylan Dancer,32839,30925,39971,48081,33448,30925,
Jordan Lane,30925,34046,33448,36689,46046,25804,
Alex,30925,47959,46970,33448,28237,34046,
